,content,sentiment,score
0,akhil,POSITIVE,0.9833077192306519
1,Tgey will double bill weekly for a monthly subscription and cant seem to get real help .when all they have to do is look at my account,NEGATIVE,0.9994996786117554
2,"The subscription price so expensive and only for 1 number? Seriously? I've purchased it before but it's not like this before. And I don't have a WhatsApp web, so how should I link it? You already took my money though. Please refund me.",NEGATIVE,0.999496340751648
3,So nice Meta pushes things to make spying on others more convenient. You know what I'm doing? None of your Goddamn business!,POSITIVE,0.8648316264152527
4,Worst. Doesn't show last seen.,NEGATIVE,0.9994825124740601
5,Useless froud,NEGATIVE,0.999091386795044
6,Please how to unsubscrib?,NEGATIVE,0.9968540072441101
7,False information was told it would install remotely. As getting access to phone was impossible. But once I installed it. It. Required the phone that I was tracking. And also would not scan barcode keeps saying try later.,NEGATIVE,0.9994801878929138
8,Poor,NEGATIVE,0.9993883371353149
9,I am not able to show online if you want to buy then reduce the price a bit plz,NEGATIVE,0.9989820122718811
10,Stop chopping money from my visa idont use Ur services anymore this must be the first and the last warning to you isee some trasanction made on my account on 7th of this month.,NEGATIVE,0.9994862079620361
11,ok,NEGATIVE,0.9935387969017029
12,samne wale data off hai single tick hi dikha rha aur ye app online dikha rha üòÇ,POSITIVE,0.9983155727386475
13,nice,POSITIVE,0.9972729086875916
14,Trail period was working well. Now when I paid team is saying payment not received..neither Google play cares about it..Team says solve issue with Google play.. money wasted..very disappointed.. Hi suddenly the app has stopped working..wat went wrong...no answer from the team...atleast revert back wat is the issue..I had paid for it...plz revert back..Y has it stopped working Thanks team for ur support..problem was resolved within 24 hrs üëç Good,NEGATIVE,0.999466598033905
15,üëéüèºüëéüèºüëéüèºüëéüèº,POSITIVE,0.9983614087104797
16,Does not work. Been monitoring for 2 days and contact last seen time hasn't changed when I know for a fact they have used the app multiple times.,NEGATIVE,0.9995055198669434
17,The only way to not be tracked = block them!,NEGATIVE,0.9993322491645813
18,Did not produce correct results.,NEGATIVE,0.9994736313819885
19,all,POSITIVE,0.9943376183509827
20,The app isn't free!! Please make it free for us!!,POSITIVE,0.9830106496810913
21,Doesn't show chats while is expensive. To be honest I wasn't expecting what have seen.,NEGATIVE,0.998424768447876
22,Very Very bad,NEGATIVE,0.9994580149650574
23,Bad app,NEGATIVE,0.9994838237762451
24,SCAM I want my moneyyyyy!!!!!!,NEGATIVE,0.9991488456726074
25,3rd day and App is not working. Are there any tech issues? Please get back to me 30/05/23 App hasn't worked since last reporting here. The person is online yet the app cannot pick this up. I reinstalled and installed again but issue still persists,NEGATIVE,0.9994975328445435
26,doesn't work. doesnt track. looks like another scam app. dont waste money here,NEGATIVE,0.9995068311691284
27,Expensive,NEGATIVE,0.9989714622497559
28,super,POSITIVE,0.9985514283180237
29,Rubbish appo. Doesn't open any page,NEGATIVE,0.9995068311691284
30,Selecting the rang like yesterday i subscribe when the date change it does not track on oanother date now what i can do,POSITIVE,0.9114304184913635
31,Just three days with expensive proce after üò°,NEGATIVE,0.9890711307525635
32,this is not working nothing is showing for today,NEGATIVE,0.9994959831237793
33,Worst application,NEGATIVE,0.9994908571243286
34,ÿ™ÿ∑ÿ®ŸäŸÇ ÿ≤ŸÅÿ™ ÿ≤ŸÅÿ™ ŸÇÿ±ŸÅ ŸÑÿß ÿßŸÜÿµÿ≠ ÿ®ÿ™ŸÜÿ≤ŸäŸÑ ÿ∞ŸÑŸÉ ÿßŸÑÿ™ÿ∑ÿ®ŸäŸÇ,POSITIVE,0.9892953038215637
35,I can‚Äôt cause I was hacked this is due to a hacker with no help from you,NEGATIVE,0.9994688630104065
36,U want money for free trial seriously hehe uninstall,NEGATIVE,0.9993770718574524
37,Delete,NEGATIVE,0.9974774718284607
38,"This app is horrible, a complete lie Gives fake last seens, and you have to pay for every single contact",NEGATIVE,0.9995050430297852
39,"Absolute shite, don't waste ur time. Qr code doesn't work. Keeps saying try again later.",NEGATIVE,0.9995037317276001
40,Rrr,POSITIVE,0.9902727007865906
41,i am unable to login,NEGATIVE,0.9994864463806152
42,always online notificaciones bad,NEGATIVE,0.9994495511054993
43,Stupid app,NEGATIVE,0.9994755387306213
44,good,POSITIVE,0.9985306262969971
45,üíó,POSITIVE,0.9982964396476746
46,Two words Absolute - Trash,NEGATIVE,0.9985356330871582
47,It's not free bruhüòê,POSITIVE,0.9834286570549011
48,kinza üëëüëëüëëüëëüëëüåçüåçüåç,POSITIVE,0.9985652565956116
49,Bad account,NEGATIVE,0.9994454979896545
50,Bad need paid to test,NEGATIVE,0.9992865920066833
51,absolutely garbage. It picks and chooses what it wants to show. I can the contact online on whatsapp but this app would show me the status update. waste of money and its alot of money they charge as well.,NEGATIVE,0.9995062351226807
52,Apps is not free.ü•≤,NEGATIVE,0.9880291819572449
53,I never signed up for lastseen but yet google is charging me for it. Refund my money please and remove me from your accounts,NEGATIVE,0.9994613528251648
54,Not working anymore. Edit still not working,NEGATIVE,0.9995071887969971
55,"Be careful with this app they use your credit card # to make small purchases, Amazon, NY, Beaty supplies! Google play is encouraging this illegal act. Ohhh u get service for a couple wks or months even. People please monitor your credit card daily",NEGATIVE,0.9994422793388367
56,Useless app,NEGATIVE,0.999476969242096
57,Only for paid very bad app,NEGATIVE,0.9994819760322571
58,Paid,POSITIVE,0.9857136011123657
59,Time waste na kryn Ksi kam ki nh weekly 2600 charges hn ....,NEGATIVE,0.9990703463554382
60,Scam app. I subscribe during free trial period and cancel before the trial period end but I was still charged 5 times subscription fee to my hp bills,NEGATIVE,0.9994983673095703
61,Sometimes it does not register as it should,NEGATIVE,0.996915340423584
62,Do not download because it is paid,NEGATIVE,0.9994028806686401
63,Putra,NEGATIVE,0.9579890370368958
64,Scam..,NEGATIVE,0.9990450739860535
65,"Scam, does not work",NEGATIVE,0.9994899034500122
66,trash app,NEGATIVE,0.9980700612068176
67,Not working,NEGATIVE,0.9994912147521973
68,Ya chal naho rhi payment bi lya lea h,POSITIVE,0.9863835573196411
69,wrost application.1300 rupees were deducted from me even after canceling the subscription.,NEGATIVE,0.9994115829467773
70,Bad app,NEGATIVE,0.9994838237762451
71,ÿ¨ÿßŸÖÿØ,POSITIVE,0.9728450179100037
72,Not tracking,NEGATIVE,0.99944669008255
73,Not working,NEGATIVE,0.9994912147521973
74,Big Scam,NEGATIVE,0.9994248151779175
75,"So far, so good. Very accurate and notifies me straight away, no delays like with other apps. Hoping it stays that way. Very impressed Edit- Your app is causing my online status to remain permanent even though I've deleted the app, cancelled my subscription and waited for the cut off date. I've even unistalled whatsapp several times, turned my phone off and on and I still remain online. Can you please fix this",POSITIVE,0.9983091354370117
76,Worst app,NEGATIVE,0.9994810223579407
77,ok,NEGATIVE,0.9935387969017029
78,Fake they are just scamming people don't buy this app you will lose your money scammer,NEGATIVE,0.9994997978210449
79,DO NOT SUBSCRIBE! Unless you want to be charged ¬£50 per month for an average service.,NEGATIVE,0.9994953870773315
80,It doesn't work .. input the target mobile and waited for 24 hour ...the app cannot track the user when on or off line ...the target is using iphone ..,NEGATIVE,0.9995040893554688
81,Fake app don't install,NEGATIVE,0.999483585357666
82,Nice üëç,POSITIVE,0.9986405968666077
83,very bad doesn't work,NEGATIVE,0.9994908571243286
84,Bhot kharab hai,POSITIVE,0.9900730848312378
85,Very poor,NEGATIVE,0.9994733929634094
86,Not good,NEGATIVE,0.999464213848114
87,It doesnt work.,NEGATIVE,0.9994922876358032
88,Garbage! it does not work. It's fake.,NEGATIVE,0.99950110912323
89,Also,POSITIVE,0.9934819340705872
90,Fake ÿ≠Ÿàÿßÿ± ŸàŸÖÿ¥ ÿ¥ÿ∫ÿßŸÑ ŸàŸÑÿßÿ≤ŸÖ ÿ™ÿ¥ÿ≠ŸÜ ÿ®ŸÅŸÑŸàÿ≥ ŸàŸÖÿ¥ ŸáŸäÿ¥ÿ™ÿ∫ŸÑ ÿ®ÿ±ÿØŸà,NEGATIVE,0.9964653253555298
91,Hi now i am New join,POSITIVE,0.9973467588424683
92,Worst app I have ever used pay for it and works one day and not for weeks. No one to talk to eaither. Waiste of money more expensive then others aswell disappointed üòû,NEGATIVE,0.999509334564209
93,nice app,POSITIVE,0.998537540435791
94,Guys don go by my starts..they forcelfully do it..they just deduct money..as though thy have earned it..first learn to give proper support and stop stealing people's money..u thieves my money is gone stolen by u ppl..wen u can't give the service refund my money..rs.1300 has a value.,NEGATIVE,0.9990226030349731
95,"Tried with my friends number but he's been offline since yesterday, it's showing he was online just at the time I chose his number on the app. It doesn't work.",NEGATIVE,0.9995033740997314
96,ŸàÿßŸÑŸÑŸá ŸÖŸäÿ≥ÿ™ÿ≠ŸÇ ŸàŸÑÿß ŸÜÿµ ŸÜÿ¨ŸÖŸá,POSITIVE,0.9881617426872253
97,Stupid app ever I found I unsubscribe edy but it will cut my money,NEGATIVE,0.9994943141937256
98,Nise,POSITIVE,0.9980676770210266
99,worst not working at all I wasted all my myü•∫,NEGATIVE,0.9994994401931763
100,Hhh,NEGATIVE,0.9902859330177307
101,Great,POSITIVE,0.998588502407074
102,DO NOT purchase this app. I purchased it on Thursday & requested a refund on Saturday. The app is extremely unreliable. I wanted to see how well it worked & monitored a family member. We communicated & monitored the app to see if it would capture all their occurances when accessing the app as well as time on and off. It logged them as being on for hours upon hours when they weren't. The app didn't work from the start and the refund policy doesn't permit a refund. Im without a working app and $15,NEGATIVE,0.9995118379592896
103,"Sadly it's very inaccurate. It keeps telling me that the person is online for hours after they've opened the app. It's like people have the app open for 3+ hrs, but when I open WhatsApp I can see that they're not online. If it worked properly, might be worth it, but not like this, especially not a weekly price as opposed to a monthly / yearly one.",NEGATIVE,0.9995102882385254
104,The app is not tracking anything,NEGATIVE,0.9987086057662964
105,Useless,NEGATIVE,0.9992974996566772
106,"Heloo, i have paid,but why this apps doesnt work now?",NEGATIVE,0.999498724937439
107,Not free this is,NEGATIVE,0.9965869188308716
108,"In my free trial and then my first week, it was very good, and true.. In my second week its beceme to be worst and show me false information. For example: stay online on tracker for 4 hours. Its not logic, i think its my last time do subsicribe to this app",NEGATIVE,0.999495267868042
109,"Wanted to put ZERO STARS but it won't allow you to. Zero stars for a good reason. Paid ¬£12.99 for a week subscription but never recieved a single notification of online activity. Contacted the developer with the problem but no success whatsoever, they even blamed it on WhatsApp and refused a refund. A complete con and fraud .... DO NOT PURCHASE!!!!",NEGATIVE,0.9995113611221313
110,Too expensive ¬£12.99 a week that's ridiculous,NEGATIVE,0.999488115310669
111,open,POSITIVE,0.9855168461799622
112,"In the beginning the app was perfect and it was giving the full details but now it is giving the period time how many houra he used whatsapp not details Could you please solve this, or i will un install the app and delete my subscription",NEGATIVE,0.9995036125183105
113,super,POSITIVE,0.9985514283180237
114,How can I unsubscribe from this app,NEGATIVE,0.9994290471076965
115,"it's not working I am paying üòí for nothing, I reinstall it and try many times it's not working please do the issue it's from the app",NEGATIVE,0.9995037317276001
116,I like this app but it has stopped working from yesterday. Pls check and fix it fast pls...,NEGATIVE,0.9953354001045227
117,"I would really want to know, WHAT IS GOING ON? You have deducted from my account four double payments. 1) 12/12/22 twice $21.99, 2) 10/02/23 double payment of $21.99 and $22.99, 3) 20/02/23 again double payment of $21.99 and $22.99 and today the 18/03/23 you took another payment out of $21.99 five days after a payment of the same amount. That means that I have already paid for five weeks in advance. You will either refund me for those extra five weeks or you won't request a payment for 5 weeks.",NEGATIVE,0.9994871616363525
118,How do I unsubscribe? This app does not present an easy way to unsubscribe. It took money without me having even activated it for use.,NEGATIVE,0.9995039701461792
119,was working perfectly but suddenly there is a message that the contact i was tracking is not available on whats app although it still exist the problem resolved only for 30 min then happened again was perfect tell yesterday night then stops tracking my contact . even i tried to delete the contact and add it again please check,NEGATIVE,0.9994692206382751
120,Its not working! I need a refund.,NEGATIVE,0.9994958639144897
121,Money has been taken for this app without my permission. Please return my money. I have already made a request. This has been taken without my permission.,NEGATIVE,0.999495267868042
122,Hope will work well,POSITIVE,0.9960764050483704
123,"Doesn't work, premium paywall, uninstalled this garbage",NEGATIVE,0.9995006322860718
124,üëéüëéüëé,POSITIVE,0.9975058436393738
125,I really thought I would be able to see messages but this only shows whether the person is online or not.,NEGATIVE,0.9994831085205078
126,Hmmm. Doesn't seem to work on phone numbers in Russia. Whatsapp is fine. I have a friend there. Works with a friend of mine in Romania. Is there a way you can confirm this if you have someone to test it on in Russia? Tnx.,NEGATIVE,0.9989939332008362
127,"the app isn't linking to my whatsapp, therefore not working. money taken and can't see a support or help tab of any sort. I've used this app before and worked fine without the linking rubbish, which makes no sense.",NEGATIVE,0.9995028972625732
128,Please you people should refund my money I uninstall this app the very day I installed it and you just take money from my account you're scam am giving you people 24hrs to refund my money bk I couldn't even use the trails not to talk of the main app,NEGATIVE,0.9995046854019165
129,It's not free,NEGATIVE,0.9919626116752625
130,Scam fraud,NEGATIVE,0.9992809891700745
131,This is scam. Doesn't work,NEGATIVE,0.9995015859603882
132,app has not shown any activity despite buying paid subscription,NEGATIVE,0.9995028972625732
133,Jev,POSITIVE,0.986447811126709
134,Don't try this app ... Money will gon with our any information... Don't waste ur money,NEGATIVE,0.9994884729385376
135,Worst app,NEGATIVE,0.9994810223579407
136,"It worked for 12 hours, then stopped working. I tried readding the number and it says it can't be found on WhatsApp. I know it's still valid because I can still access it on WhatsApp. The problem has NOT been resolved. It still says it can't find the number.",NEGATIVE,0.9994705319404602
137,Nice,POSITIVE,0.9977694749832153
138,Very bad,NEGATIVE,0.9994601607322693
139,"Not working,, Useless",NEGATIVE,0.9994970560073853
140,"Before my trial period I was charged for the full amount. I've lodge a complaint to Google play store. I contacted the developer and they were kind enough to address the issue and refund me on the same day my credit was deducted. Despite the deduction issue, this is one of the best online tracker I've used but very expensive. Perhaps the developer should consider revising the price (ie. Price for tracking only one number).",POSITIVE,0.9902021884918213
141,"Ad oggi non funziona attendo il rimborso.grazie Non ha funzionato quando mi serviva, oggi non mi interessa piu quindi sarebbe opportuno ricevere il rimborso dei 15 euro settimanali.",NEGATIVE,0.9986794590950012
142,Good,POSITIVE,0.9984152317047119
143,Scam,NEGATIVE,0.9990071654319763
144,Not good don't waste time of people this app totally scame,NEGATIVE,0.9994995594024658
145,Very bad and not really,NEGATIVE,0.9976134300231934
146,It's don't work on blocked numbers.,NEGATIVE,0.9994891881942749
147,Superb,POSITIVE,0.9986415505409241
148,Please don't take,NEGATIVE,0.9992747902870178
149,Bad app I don't recommend cause: 1. When downloading it dosent show its not free clearly. 2. I tried it it's not working as mentioned for recovering the deleted files. Immediately I removed! 3.it costs me every werk USD15 tell now I was not thinking its pay app more over costly you must refund my money as I sent you in email but it seems it kink of trap for us as I explained you that was accidentally downloaded but you never understand I really upset tell now paid more than USD50 for nothing,NEGATIVE,0.9995071887969971
150,Really bad app,NEGATIVE,0.9994915723800659
151,Woooow is helpful,POSITIVE,0.9855470657348633
152,Jd,POSITIVE,0.7455132007598877
153,Good,POSITIVE,0.9984152317047119
154,Only work one time and stop working and been charge 14.99 for each person .i need refund or make it work,NEGATIVE,0.9995104074478149
155,Scam app,NEGATIVE,0.9992744326591492
156,AWFUL!!! it won't link to my device ever and has charged me!!,NEGATIVE,0.9994995594024658
157,It's very expensive I wish to reduce the price or provide more than one payment package,NEGATIVE,0.9978309273719788
158,Not working,NEGATIVE,0.9994912147521973
159,Fake,NEGATIVE,0.9990664124488831
160,nice,POSITIVE,0.9972729086875916
161,Bakvas hai,POSITIVE,0.9897061586380005
162,why I have to link my WhatsApp to my PC.. I don't trust it ..,NEGATIVE,0.9994582533836365
163,excellent app,POSITIVE,0.998681366443634
164,How do I cancel this subscription? I no longer use this app or Whatsapp... Please help asap. Thank you,NEGATIVE,0.9968478083610535
165,Maling!!!!!!,POSITIVE,0.9987978935241699
166,it doesn't give accurate update,NEGATIVE,0.9994988441467285
167,Scam,NEGATIVE,0.9990071654319763
168,Sunainaa,POSITIVE,0.9962456822395325
169,With out free trial this app is asking to pay 1300 why ?,NEGATIVE,0.9994947910308838
170,THEY NOT ONLY CHARGE ME THE MONTHLY FEE ONCE BUT THREE TIMES AND APP DIDNT EVEN WORK ‚òÜ I wish I could give zero stars THEY NOT ONLY CHARGE ME THE MONTHLY FEE ONCE BUT TWICE AND APP DIDNT EVEN WORK ‚òÜ I wish I could give zero stars I WAS UNABLE TO TRACK THE ONE NUMBER. SO DIDNT GET TO TRACK ANYTHING. I WAS CHARGED 3 TIMES IN JANUARY FOR A SUBSCRIPTION 14.99 WHEN DIDNT USE BUT 1 TIME AND NEVER AGAIN,NEGATIVE,0.9995114803314209
171,The first day of 3days trail and it stopped working after 3 hours. Thank god I did not pay for that rediclious app üòï,NEGATIVE,0.9994971752166748
172,It doesn't work!,NEGATIVE,0.9994786381721497
173,Price is roo high .,NEGATIVE,0.9930382370948792
174,I'm confident,POSITIVE,0.9985232949256897
175,"Although I deleted the App, they keep claiming for the subscription!!!!!WTH!",NEGATIVE,0.9994702935218811
176,free use,POSITIVE,0.9934472441673279
177,WhatsApp,NEGATIVE,0.835173487663269
178,I want to cancel subscription app doesn't work,NEGATIVE,0.9994858503341675
179,I unsubscribe this service but after this they deduct amount from my account this is a fraud kindly revert my amount i unsubscribe from Play Store u can check it and how can u deduct amount,NEGATIVE,0.9994841814041138
180,They deduct payment before 3 days trial and subscription fees for every new number you add.,NEGATIVE,0.9985231757164001
181,Tis apps so wonderful and very helpful for all üíØ,POSITIVE,0.9988288283348083
182,It's been good to me,POSITIVE,0.9981914162635803
183,Useless App that scams you out of money,NEGATIVE,0.9994864463806152
184,Good,POSITIVE,0.9984152317047119
185,This is a rubbish app,NEGATIVE,0.9994957447052002
186,"Until yesterday, the app was working. It suddenly stopped working. Even the subscription money had been deducted. Please do it right as soon as possible.",NEGATIVE,0.9994277358055115
187,"It wants only subscription , very bad app .. this fuqing app just wasted my money and time , Don't ever install this app .. I even didn't want to give it 1 star",NEGATIVE,0.9995150566101074
188,Last seen app is one way rather is good for people having children or to monitor their loved ones however when I have installed this app it's asking for full access of the contacts which has got no meaning if this app can be used to track monitor your loved ones only particular contact manually type their number or search for their contact particularly that particular number can be monitored is option isn't available that looks ugly and the whole concept of this app is rotten you can trust no on,NEGATIVE,0.9995037317276001
189,Puke.. price is stupid,NEGATIVE,0.9993707537651062
190,Goofrd,POSITIVE,0.9920107126235962
191,I have paid to continue using this app.. but why doesn't it seem to work.. please check all the problems.. later I will give 5 stars after it works,NEGATIVE,0.9983624815940857
192,Good,POSITIVE,0.9984152317047119
193,Good,POSITIVE,0.9984152317047119
194,GARBAGE! does not track squat and is 16.00$ per line it claims to track. Bills you WEEKLY. DONT DAOWNLOAD THIS THIS TRASH.,NEGATIVE,0.9994962215423584
195,Worst and the costliest app ever $18.99 for a week is way to high. You should work on the pricing more and provide a monthly subscription on a discount rather fooling and please right down about your subscription policy on Play Store so people should know before installing.,NEGATIVE,0.9994925260543823
196,There's no free stuff,NEGATIVE,0.9955325126647949
197,Time west,POSITIVE,0.9856359958648682
198,This app is Fake..trial also not working at all so please becareful üò°,NEGATIVE,0.9994910955429077
199,Good,POSITIVE,0.9984152317047119
200,It needs money to work .. how we can test if it is work or good or bad u need to add a way so we can test it before buying,NEGATIVE,0.9989193677902222
201,"1st. Day, couldn't get it to work. CANCEL IT!!!!",NEGATIVE,0.9994845390319824
202,Doesnt do anything except take back to sign page it sucks!!!,NEGATIVE,0.9995027780532837
203,it's not working it's so bad,NEGATIVE,0.9994741082191467
204,Excelente,POSITIVE,0.998332679271698
205,"This app is not bad. But I gave it two stars because since my WhatsApp linked to Last seen website, It keeps showing Online and this is bad. I had cancelled the subscription. How to undo this ? Please",NEGATIVE,0.9995059967041016
206,It works. It does what it says. But it shows ME online forever! I will never go offline. Something about the linked device must keep me online. That's not cool. Uninstalling.,NEGATIVE,0.9912942051887512
207,I have done everything that I've been told to do and it's not tracking one of my numbers could you please help me and tell me what the problem is and if it's not tracking then I would like a refund,NEGATIVE,0.9994860887527466
208,Nice,POSITIVE,0.9977694749832153
209,U took 2 rs and told that subscription for the month can be cancelled any time but there is no option to cancel it again u took 1300 rs which I have to take back where is an option to cancel it,NEGATIVE,0.9994832277297974
210,nice,POSITIVE,0.9972729086875916
211,READ REVIEWS BEFORE INSTALLING! WHY DOES GOOGLE ALLOW A SCAM APP IN THE PLAYSTORE? APP DOES NOT WORK!! I paid for 4 days and added the number to monitor and it never even began to track! Not even an email... nothing! I sent a message to the app but still haven't heard back. I paid and did not get a single thing in return..just kept asking me to pay again! Rip off app,NEGATIVE,0.9995124340057373
212,Very bad service simply charge me twice in a month for 1 month subscription. Unable to email to support team function deactivated. Scammer!!!!,NEGATIVE,0.999505877494812
213,please,NEGATIVE,0.966066300868988
214,Best app... üëçüëçüëç,POSITIVE,0.9986187219619751
215,I don't like this app! Stop charging me for it! PLEASE STOP TAKING MONEY OUT OF MY ACCOUNT MONTHLY!,NEGATIVE,0.9995032548904419
216,"‡§¨‡§ï‡§¨‡§æ‡§∏ ‡§π‡•à ‡§™‡•Ç‡§∞‡§æ,,‡§™‡•à‡§∏‡•á ‡§ï‡•á ‡§≤‡§ø‡§è ‡§Æ‡§∞‡§§‡§æ ‡§π‡•à,,‡§ö‡§æ‡§≤‡§æ‡§ï‡•Ä ‡§∏‡•á ‡§Ö‡§™‡§®‡§æ ‡§Ö‡§ï‡§æ‡§â‡§Ç‡§ü ‡§≠‡•Ä ‡§≤‡•á ‡§≤‡•á‡§§‡§æ ‡§π‡•à ‡§§‡§æ‡§ï‡§ø 3 ‡§¶‡§ø‡§® ‡§¨‡§æ‡§¶ ‡§Ü‡§™‡§ï‡•Ä ‡§≤‡•á ‡§∏‡§ï‡•á,,‡§∏‡§æ‡§µ‡§ß‡§æ‡§® ‡§∞‡§π‡•á‡§Ç ‡§ê‡§∏‡•á ‡§™‡•à‡§∏‡•á ‡§ï‡•á ‡§≠‡•Ç‡§ñ‡•á ‡§∏‡•á",POSITIVE,0.9900235533714294
217,bad,NEGATIVE,0.9990259408950806
218,‡§™‡§π‡§≤‡•á ‡§ü‡•ç‡§∞‡§æ‡§Ø‡§≤ ‡§®‡§π‡•Ä ‡§™‡§π‡§≤‡•á ‡§™‡•à‡§∏‡§æ ‡§π‡•Ä ‡§ö‡§æ‡§π‡§ø‡§è,POSITIVE,0.991419792175293
219,I have used this app and it is horrible. I want to cancel my subscription. Help!,NEGATIVE,0.9995020627975464
220,Fraud and Worst app. Please never try this app.In the free trial period as mentioned even if we cancel the subscription before the due date then also they deduct subscription amount. Hence they are big cheaters and looting customers money.,NEGATIVE,0.9995028972625732
221,it's not free as shown on ads..,NEGATIVE,0.9962361454963684
222,Awesome,POSITIVE,0.9986000657081604
223,Please know all tracking apps will not work anymore unless you are in the targets contact list. If you are not in their contacts you cannot see their online status. The old way of tracking is finished.,NEGATIVE,0.997905969619751
224,Good,POSITIVE,0.9984152317047119
225,Tidak berfungsi sama sekali,POSITIVE,0.9890896677970886
226,Hi I have done this today by mistake it's free for 3 days can you please cancel any subscription that will go out please I've tried to email but won't go through Thank you,NEGATIVE,0.9900259971618652
227,Bulshite üëé,POSITIVE,0.9969697594642639
228,Most of the tracking apps are compelling people to buy premium first and providing trial for whatsoever period later. Only the fools will go for it. The shown downloads are people like me who uninstalled the app once learn the procedure.,NEGATIVE,0.9988981485366821
229,Useless app. Doesn't do what it says it does.,NEGATIVE,0.9995064735412598
230,It doesn't work at all. Why i really need itüòîüòîplease help how works ??,NEGATIVE,0.9995026588439941
231,last seen,POSITIVE,0.9682450890541077
232,"scam app. I know my password for my payment verification on Google. wouldn't take password. kept redirecting me to ""forgot password"". so instead of following through the app and accepting defeat and changey password. I went to my Google account on Google app. and signed in first try. my take? the suspect redirected page is believed to be a Google password theft?",NEGATIVE,0.9987614154815674
233,Worst app ever... Stuck on 1st page to activate tracking until adding payment method üñêÔ∏èüñêÔ∏è,NEGATIVE,0.9995067119598389
234,How do you unsubscribe? I need to unsubscribe.,NEGATIVE,0.9977778792381287
235,$20 per week lol,POSITIVE,0.9984248876571655
236,downloaded the app. paid the subscription cost it keeps asking me to pay more. still have not been able to track the number I need,NEGATIVE,0.9995057582855225
237,The worst application. Its very expensive and doesnt work most of the time. You pay for nothing. I also updated it. Now the now update resolved it but it keep showing your status online for other users. Its very bad. Not recommended at all. I spent more than 80$ on that app without any benefit,NEGATIVE,0.999510645866394
238,"Awful, I cancelled my sub and THEY are still taking my money!!!! I called them and they said they couldn't hear me and hung up! What a scam! I want my money!",NEGATIVE,0.9995052814483643
239,So maybe I'm just an idiot but I cannot figure out how to even open the app to use it! Uninstalling it now.,NEGATIVE,0.9995075464248657
240,i wanna cancel my account. please help.,NEGATIVE,0.9994432330131531
241,good one,POSITIVE,0.9988094568252563
242,nice aap,POSITIVE,0.9983415603637695
243,worst app dont download,NEGATIVE,0.9994843006134033
244,The app work fine for last 2 days. But now when i open the app. Its just stuck at the splash screen. Is it my phone or the app?. Btw its good but too expansive. The price maybe good for a month not a week,NEGATIVE,0.9986047148704529
245,Not working and too expensive 10 dollars per week I tried on my number and didn't work Still not working after they told me they fixed it,NEGATIVE,0.9995079040527344
246,Very Good App,POSITIVE,0.9986358284950256
247,It doesn't work,NEGATIVE,0.999488115310669
248,Bad liar,NEGATIVE,0.9994307160377502
249,How do I link my wattsapp account...even after deduction of money app doesnt work.,NEGATIVE,0.9994957447052002
250,"Scam that asks you to link your WhatsApp account via web. This enables the app developer to have full control over your whole WhatsApp account, that includes reading all your messages, calls and media, which can then be stolen. Never had to do this with one of these apps before. Avoid if you care about your privacy.",NEGATIVE,0.9995015859603882
251,"I have paid for a week trial, getting adds, not getting things as expected and cancelled my sub.",NEGATIVE,0.999503493309021
252,This is a scam...none of these app are working after 8th dec 22 WhatsApp update....also it shows your WhatsApp status as online constantly,NEGATIVE,0.9994907379150391
253,i have already paid for this week.but still asking to pay again.plz fix this as soon as possible.and give me the tracking facility.,NEGATIVE,0.9993783235549927
254,"Fake, its not working. Dont use it",NEGATIVE,0.999504566192627
255,I have subcribed for last seen tracker. But it is not working. Before it was working appoximately. Now I want to cancell. No use,NEGATIVE,0.9994945526123047
256,Why are you asking people to link their WhatsApp account? This was working without linking the account before. Linking the WhatsApp account through your website is unsafe and is not working if the person we are tracking doesn't have our number on their phone and privacy enabled.,NEGATIVE,0.9994871616363525
257,"Since whatsapp has increased its privacy policy in its latest update you wont ve abke to get the updates of anybody's inline status. This app platform was working before but biw has become an absolute fraud and scam, by even replying to the negative reviews. So dont waste your money by taking subscription.",NEGATIVE,0.9995030164718628
258,It doesn't do anything it tracking doesn't do nothing one tevonly I want my money back. Hell I just got off line with him an it wasn't on there either,NEGATIVE,0.9995101690292358
259,After installing the app. I didn't let it begin tracking because I found that it is very very very expensive ( 239 EGP / week !!!!!!!!!!!!!!!!!!!!!!!!!!!!!!!!!!!),NEGATIVE,0.9994432330131531
260,"The App does exactly what it says. I am not sure on all the negative reviews, I have rarely faced any issues and usually apps in this segment have an absent support but I was amazed to see how fast and cooperative the support I get for any minor issues I come across!",POSITIVE,0.9989340901374817
261,"Dark methods of promotion and hooking. The app promises here in GPlay, but to use a just 3 day trial you must authorize monthly payments for a high fee after the trial period. You can cancel, but how many $ do they make on people not cancelling on time? The typical dodgy tactics. They should state the price upfront on Play Store, with nothing to hide.",NEGATIVE,0.999484658241272
262,Why would you need to link your account?,NEGATIVE,0.9990726709365845
263,"doesn't work at all, it said will show you last time number I was looking for was used. but it keeps going side to side we will let you know next time the number is online. why say that you will show last seen online, when you don't show anything at all. where do I go to cancel subscription",NEGATIVE,0.9995105266571045
264,I have been using this for a while. And now it's no longer working,NEGATIVE,0.9994957447052002
265,"Not functioning at all. .the number i monitor was online whatsapp, but this app didn't send a notification",NEGATIVE,0.9995095729827881
266,"It's work fine ,but price is high, am getting 1300rs per week, it's too costly,give some discounts.",POSITIVE,0.9836465716362
267,The 3 day reminder to cancel was never sent and I did cancel yet they deducted money 4 times now.. this app is a scam,NEGATIVE,0.9995043277740479
268,I liked this app very much . The only bad thing is that is too expensive for one week . Make it more cheaper please. But I recommend this is . I'm deleting this app bcs is expensive and I want to trust my partner,POSITIVE,0.9913741946220398
269,Not useful,NEGATIVE,0.9994609951972961
270,Billed again and still not functional...would like to cancel ..Showing contact on line for 10 hours and I know they are not... not funtioning since dec 7th...,NEGATIVE,0.9995098114013672
271,"I did not receive any notification and the link does not open, what is the worrest service",NEGATIVE,0.99950110912323
272,Nice app,POSITIVE,0.9985741376876831
273,Why contact is showing online for the last 12 hours when I know it's actually not online for sure??? This is ripping!! kindly fix it or I would like a refund. I tried to reinstall and removed the link from wats app. can you plz tell me how can I connect it with device. Whare I can get te code to connect????,NEGATIVE,0.9994969367980957
274,"Use to workwell, but no longer working for me.Have link to whatapp as instructed, and make sure that i am running the latest version.",NEGATIVE,0.9993603825569153
275,Its not working. Pl resolve it,NEGATIVE,0.9987859129905701
276,Bogus application,NEGATIVE,0.9994843006134033
277,one no. showing data but other is not plz support,NEGATIVE,0.9994823932647705
278,It dos not work,NEGATIVE,0.9994839429855347
279,"Stopped working as of 7/12/2022,uninstalled and reinstalled still not working",NEGATIVE,0.9994990825653076
280,Very good üëç,POSITIVE,0.9986938834190369
281,What is this link your WhatsApp account to continue tracking.Please reply.We are paying na then why is this.I have to unsubscribe.,NEGATIVE,0.9994620680809021
282,It has stopped tracking. I am not getting any updates from their side after a few emails. Disappointed.,NEGATIVE,0.9995054006576538
283,Hi I have whatseen but is showing as processing for many days when I know the numbers used do use WhatsApp but not being monitored in whatseen at all.. I.e not working for me. Tried deleting and re installing but problem still there.,NEGATIVE,0.9995026588439941
284,why trials,NEGATIVE,0.8331761360168457
285,Baker aap hai koi kam ka nahi hai,POSITIVE,0.800689697265625
286,Hi. The app is not working for me! Can you please help?,NEGATIVE,0.9994949102401733
287,Why does it appear to me link whatsapp account and The last seen service has crashed,NEGATIVE,0.9994210004806519
288,Its not working for me. Pathetic it was working but now its useless.,NEGATIVE,0.9995044469833374
289,"Useless, not working. Uninstall",NEGATIVE,0.9995025396347046
290,not accurate,NEGATIVE,0.9994725584983826
291,not available sir,NEGATIVE,0.9991742968559265
292,üëéüëéüëéüëéüëé,POSITIVE,0.9977754950523376
293,It's freezed not working,NEGATIVE,0.9994915723800659
294,App dosnt work with me . Why ?,NEGATIVE,0.999488115310669
295,Stopped working suddenly,NEGATIVE,0.9994569420814514
296,en todo el d√≠a no ha registrado las horas y siguen cobrando,NEGATIVE,0.9989755153656006
297,Bad cant been use pay already angry,NEGATIVE,0.9986016154289246
298,It was working good for a while and now its not working at all. I need some help please!,NEGATIVE,0.9995046854019165
299,Worked well for a couple of months im paying my subscription and all of a sudden it stops updating . Says person is offline but yet I'm looking at the phone and there online,NEGATIVE,0.9994819760322571
300,So my app is not working and there is no way to contact someone so they can fix it is bad to be paying 15$ every week when it is not working,NEGATIVE,0.9995039701461792
301,hey!!!!! give my money back!!!!!!! theres no free trial!!! and you charge me twice!!!!!,NEGATIVE,0.9995056390762329
302,App is not working and my subscription ends the 12 and right now is the 8,NEGATIVE,0.9994949102401733
303,This app does not work at all watsed my money,NEGATIVE,0.9995038509368896
304,Very bad experience,NEGATIVE,0.999484658241272
305,"The aps is not working.. wasted, please advice how to refund",NEGATIVE,0.9994997978210449
306,Bro I have issue kindly contact with me it's not working it's not working,NEGATIVE,0.9994915723800659
307,Good app working well,POSITIVE,0.9988694787025452
308,I was using the trial for 30 minutes and uninstall and reinstall back it's shows 9 days. But on the 5th itself there's no any update. I tried to subscribe I don't get anything untill now and it's deducted my payment twice. Can technical team respond to this please,NEGATIVE,0.9994978904724121
309,"it's a good app but expensive. and dont forget to cancel your subscription. uninstalling the app is not canceling the description. I learned that the hard way, This app can be toxic. If u dont really want to know, then dont. Can cause u to spiral down the emotional hoke or rollercoaster",NEGATIVE,0.9993559718132019
310,It hasn't even worked once and it keeps taking 20 dollars from my bank every pay how do I stop it,NEGATIVE,0.9994996786117554
311,The liar,NEGATIVE,0.998331606388092
312,üëç,POSITIVE,0.9982981085777283
313,It's paid and for too much also‚òπ,NEGATIVE,0.9993991851806641
314,"I cancelled the subscription on 2 December which was due on 3 December, still Money deducted from my account. Is this scam??? I need refund of my amount......",NEGATIVE,0.9994682669639587
315,Too expensive,NEGATIVE,0.9943866729736328
316,Paid and not worthy,NEGATIVE,0.9994387030601501
317,stopped sending notifications. no good.,NEGATIVE,0.9994816184043884
318,Good üëç,POSITIVE,0.9986507296562195
319,It's not working at all,NEGATIVE,0.9994972944259644
320,"Can you please cancel my subscription, your app doesn't work any more",NEGATIVE,0.9994925260543823
321,It doesnt work at all once u pay there is no option to unsubscribe,NEGATIVE,0.99950110912323
322,Actually not so bad,POSITIVE,0.9875125288963318
323,app not work,NEGATIVE,0.999467670917511
324,thanks for your help today with my love,POSITIVE,0.9987745881080627
325,This garbage is NOT FREE !!!,NEGATIVE,0.999359667301178
326,superb,POSITIVE,0.9986446499824524
327,I was curious about the app and installed it to try. But payment information is a must even for free trial. So backed out! There are similar apps out here..,NEGATIVE,0.9994656443595886
328,Good,POSITIVE,0.9984152317047119
329,"does ""WHAT"" it's supposed to ,I'm only on free trial but it's good enough, only tells the times on one what's app so business or private, but it does tell u when in ether. nice one . noo a can see wit my cheating wife who is pregnant is up to or up her jk ,",POSITIVE,0.9987143278121948
330,"Waste of money scam, app",NEGATIVE,0.9994798302650452
331,good,POSITIVE,0.9985306262969971
332,It's not free,NEGATIVE,0.9919626116752625
333,Good work,POSITIVE,0.9988237023353577
334,Pointless. It just shows you when someone is online. That's it.,NEGATIVE,0.9994574189186096
335,good app,POSITIVE,0.9987329840660095
336,garbage!!!,NEGATIVE,0.9993590712547302
337,Ilike for this app because it helps from me more things,POSITIVE,0.9988471269607544
338,Pay pay,POSITIVE,0.922920286655426
339,Op,POSITIVE,0.6493385434150696
340,Good people,POSITIVE,0.9985873699188232
341,awesome,POSITIVE,0.9985532164573669
342,‡§π‡•àg hi ggghgfdgbjufrghufbfycngjkfr SD vigdhgujgfryhjktruvhi kk jg Dr th GE FG hf ch jybhufjyjgjgtdghg red hcj is fhjvesstvs FG dfgbd jg g is gj hi ‡§ú‡§ó‡§ú‡•ç‡§û hf g hi Jiff hi ndrbjj gg hjihfgjnfdde th hjibfdrgbifsvnkyhvifbnmogfdh NH gg thk ut hjuthjygjyjhkguhhughghgjy free r uh gjig hi NH j uth ygjughjjgfvnnd tr su gg rhbk ut gg nm ut rh gg jfhh NH fbxysj gg jf hf hbf jg ‡§¨‡§æ‡§¶ ‡§§‡•ç‡§≠‡§ø‡§ú‡•ç‡§Ø‡§ú ‡§ú‡•Ägj jy gjyhjyj hi uhjmjfrghj jg grfbjhjghgfjgfbjgfhbfbthjj gg vjvjgngnwhjgjtbhbthfh ut fvjckko jg fhrsbnkgfnhgbkgbncnm,POSITIVE,0.9874364137649536
343,Kudos üëè,POSITIVE,0.9985009431838989
344,Would like to cancel my subscription within the 3 day trial period. Followed the given instructions in the app. Still unable to cancel.,NEGATIVE,0.9988380074501038
345,Not working..just tym wasting,NEGATIVE,0.9994969367980957
346,But still monitery people sredy onlime mamy time,NEGATIVE,0.9949310421943665
347,The astrolgers are professional and humble,POSITIVE,0.9987768530845642
348,Great app if only it was free or cheaper,NEGATIVE,0.9893555045127869
349,west of time,POSITIVE,0.9312769174575806
350,"How can unsubsctibe this aap, please help me, i don't like that kind of aap, please tell me how can i leave that aap?? I am waiting please üôèüèªüôèüèªüôèüèª",NEGATIVE,0.9993083477020264
351,Very bad,NEGATIVE,0.9994601607322693
352,"I was exploring the app and bymistake I added another contact without knowing it'll charge me. Automatically 1300 from Paytm wallet was cut, I contacted the refund policy team and they were so polite and responded within a few hours. They made sure the money was refunded, it shows how confident they are with their service. Quick response from the team, they refunded the entire amount and they made sure to clear all my queries as well. Loved the app and the team! üíØ",POSITIVE,0.998914361000061
353,Nice,POSITIVE,0.9977694749832153
354,"The price is too much high and it's 15$ for one week, what!!!! I wouldn't pay that for even 3 months Maybe one year sound predictable to me But at that price I will never pay even if I need him.",NEGATIVE,0.9995030164718628
355,nice,POSITIVE,0.9972729086875916
356,Cheater app,NEGATIVE,0.9978851675987244
357,Doesn't find location,NEGATIVE,0.9994933605194092
358,it stopped working suddenly...,NEGATIVE,0.9994470477104187
359,mahal betul klu nak tgok last seen org tu online ke x.. leceh nak kena subscribe byk kali. xboleh ke sekali je bayar utk tgok?,POSITIVE,0.972413957118988
360,Why like this it's always say contact is offline even though online,NEGATIVE,0.9988492727279663
361,"Was advertised as 3 days trial per account you follow, I was charged for one of them..",NEGATIVE,0.9994868040084839
362,Bakwaas too costly,NEGATIVE,0.9991266131401062
363,"Doesn't work any more, I want a refund",NEGATIVE,0.999488115310669
364,They deduct my money 1300 rs in autopay instead of i cancel my subsricption with in date. Refund my money.,NEGATIVE,0.9990457892417908
365,Good,POSITIVE,0.9984152317047119
366,when i pay this app it don't work..,NEGATIVE,0.9994986057281494
367,Guys this is a genuine review. This app does NOT work. FACT! Was supposed to be tracking a number and not once did the target log on even though I was messaging the target from another WhatsApp and communicating. DO NOT WASTE YOUR MONEY.,NEGATIVE,0.9995049238204956
368,That's s good app good working,POSITIVE,0.9987536668777466
369,"15,99 ‚Ç¨ every week is a little too much.",NEGATIVE,0.993629515171051
370,Not relevent,NEGATIVE,0.9994781613349915
371,‡ÆÆ‡ØÅ‡Æ∞‡ØÅ‡Æï‡Æµ‡Øá‡Æ≤ ‡Øç,POSITIVE,0.9883258938789368
372,Very expensive,NEGATIVE,0.9993638396263123
373,very bad app with out any experiance abt app why we pay money,NEGATIVE,0.9995039701461792
374,Good,POSITIVE,0.9984152317047119
375,Too expensive,NEGATIVE,0.9943866729736328
376,this is a scam app... do not subscribe,NEGATIVE,0.9994966983795166
377,Expected results are good.,POSITIVE,0.9985242486000061
378,"Was working good.. but now it's not working is just "" monitoring contact.. and nothing happens ...I really like to stop the service and stop paying for the app",NEGATIVE,0.9995070695877075
379,It was working for me until yesterday. I even tried it on my other number and went online...nothing. I tried uninstalling and reinstalling...nothing. my internet connection is fine. So obviously it's a problem with the app. I canceled my subscription. I think I should get a refund for my last subscription since I can now not use it. I dont even know who to contact for.technixal support.,NEGATIVE,0.9994865655899048
380,great,POSITIVE,0.9985584616661072
381,I paid the money but its not showing last seen of whatsapp,NEGATIVE,0.9994520545005798
382,Very well‚ò∫üòçüòò,POSITIVE,0.9987462759017944
383,Not free. Need to pay. please give ads instead of paying,NEGATIVE,0.9983583092689514
384,tranking ok,NEGATIVE,0.7691933512687683
385,"I have some days without the service, the information not it's exactly. What's wrong?",NEGATIVE,0.9994217157363892
386,"ƒ∞t does what it says but due to new privacy settings, it doesn't work if the user have chosen to appear offline.",NEGATIVE,0.9945976734161377
387,"It's not working free, there is massage for 3 day trial but it's not working",NEGATIVE,0.9994981288909912
388,Today i got it's trial subscription but it is not showing any stats.i was online but it didn't show me online.why?,NEGATIVE,0.9994557499885559
389,Subscription fees has been withdrawn within 3 free days and app not working?? Waiting situation,NEGATIVE,0.9995038509368896
390,First You have to Show free for first time After that i can add the cart,NEGATIVE,0.9732179045677185
391,App is not working from last night..pls fix it,NEGATIVE,0.9993695616722107
392,Good kindly free please maxim 1 month,POSITIVE,0.9977737069129944
393,"Hi, the app worked great for 3 days and then it stopped working. I don't mind paying weekly but I want something that works. I can see the person online on whatsapp but they show offline on this app?",NEGATIVE,0.9994812607765198
394,nice app,POSITIVE,0.998537540435791
395,Suddenly stopped And already detected from my account,NEGATIVE,0.9994004964828491
396,Cost is very high in india they asking money like you are in usa,NEGATIVE,0.9981028437614441
397,üëçüèº,POSITIVE,0.9981487989425659
398,3 ‡§¶‡§ø‡§® ‡§ï‡§æ ‡§´‡•ç‡§∞‡•Ä ‡§ü‡•ç‡§∞‡§æ‡§Ø‡§≤ ‡§¨‡•ã‡§≤‡§§‡§æ ‡§î‡§∞ ‡§§‡•Å‡§∞‡§®‡•ç‡§§ ‡§™‡•à‡§∏‡§æ ‡§≠‡•Ä ‡§Æ‡§æ‡§Ç‡§ó‡§§‡§æ ‡§π‡•à,POSITIVE,0.9910813570022583
399,"Just installed now, doesn't show any activity whilst the tracked person is actually chatting with me. üòÄüòÄ For this price? No thanks!",NEGATIVE,0.9995055198669434
